{"coverage": 42.81391830559758, "raw_data": {"meta": {"version": "7.3.1", "timestamp": "2023-09-26T15:49:45.313844", "branch_coverage": true, "show_contexts": false}, "files": {"modules/__init__.py": {"executed_lines": [1], "summary": {"covered_lines": 0, "num_statements": 0, "percent_covered": 100.0, "percent_covered_display": "100", "missing_lines": 0, "excluded_lines": 0, "num_branches": 0, "num_partial_branches": 0, "covered_branches": 0, "missing_branches": 0}, "missing_lines": [], "excluded_lines": [], "executed_branches": [], "missing_branches": []}, "modules/combined_pipeline.py": {"executed_lines": [1, 2, 4, 5, 7, 8, 11, 12, 13, 14, 16, 18, 19, 26, 31, 36, 42, 48, 53, 58, 63, 68, 73, 78, 83, 88, 93, 98, 103, 109, 118, 119, 120, 121, 122, 123, 124, 125, 132, 134, 137, 138, 142, 146, 151, 152, 162], "summary": {"covered_lines": 47, "num_statements": 47, "percent_covered": 98.11320754716981, "percent_covered_display": "98", "missing_lines": 0, "excluded_lines": 0, "num_branches": 6, "num_partial_branches": 1, "covered_branches": 5, "missing_branches": 1}, "missing_lines": [], "excluded_lines": [], "executed_branches": [[13, -11], [137, 138], [137, 151], [151, 152], [151, 162]], "missing_branches": [[13, 12]]}, "modules/constants.py": {"executed_lines": [1, 2, 3, 6, 7, 11, 61, 73, 98, 100, 102, 105], "summary": {"covered_lines": 12, "num_statements": 12, "percent_covered": 100.0, "percent_covered_display": "100", "missing_lines": 0, "excluded_lines": 0, "num_branches": 0, "num_partial_branches": 0, "covered_branches": 0, "missing_branches": 0}, "missing_lines": [], "excluded_lines": [], "executed_branches": [], "missing_branches": []}, "modules/import_all.py": {"executed_lines": [1, 3, 5, 6, 7, 8, 9, 10, 11, 12, 14, 15, 17, 18, 25, 103, 146, 196, 241, 271, 385, 391, 403, 415, 451, 461, 477, 478, 479, 480, 482, 484, 489, 496, 498, 499, 500, 501, 502, 503, 507, 509, 511, 517, 528, 539], "summary": {"covered_lines": 45, "num_statements": 256, "percent_covered": 13.609467455621301, "percent_covered_display": "14", "missing_lines": 211, "excluded_lines": 0, "num_branches": 82, "num_partial_branches": 1, "covered_branches": 1, "missing_branches": 81}, "missing_lines": [28, 29, 31, 33, 34, 35, 36, 37, 38, 39, 41, 42, 45, 46, 47, 48, 49, 51, 52, 53, 54, 55, 58, 60, 61, 62, 63, 65, 66, 67, 68, 72, 73, 74, 75, 80, 97, 98, 100, 106, 108, 109, 110, 112, 114, 115, 117, 118, 119, 120, 121, 126, 127, 128, 133, 135, 137, 138, 139, 140, 141, 143, 149, 150, 152, 154, 155, 157, 158, 160, 161, 162, 163, 166, 168, 169, 170, 173, 175, 176, 177, 185, 187, 189, 199, 200, 202, 203, 206, 207, 208, 210, 211, 212, 213, 214, 217, 218, 219, 221, 222, 223, 224, 225, 226, 228, 230, 234, 235, 236, 238, 244, 245, 247, 249, 250, 253, 257, 258, 259, 260, 263, 265, 266, 268, 274, 275, 277, 279, 280, 281, 282, 283, 284, 286, 287, 290, 291, 292, 293, 295, 297, 298, 300, 302, 303, 304, 305, 306, 308, 309, 310, 313, 315, 316, 318, 319, 321, 322, 323, 324, 328, 330, 331, 332, 334, 335, 337, 338, 339, 341, 342, 343, 344, 347, 351, 352, 353, 354, 359, 377, 378, 380, 382, 388, 394, 395, 398, 399, 400, 406, 407, 410, 411, 412, 441, 442, 444, 454, 455, 456, 457, 458, 462, 463, 465, 467, 468, 469, 470, 474], "excluded_lines": [], "executed_branches": [[479, -477]], "missing_branches": [[28, 29], [28, 31], [42, 45], [42, 51], [68, -68], [68, 72], [97, 98], [97, 100], [108, 109], [108, 112], [114, 115], [114, 137], [117, 118], [117, 135], [120, 121], [120, 127], [149, 150], [149, 152], [154, 155], [154, 157], [161, 162], [161, 185], [162, 163], [162, 168], [169, 170], [169, 175], [199, 200], [199, 202], [206, 207], [206, 210], [212, 213], [212, 221], [213, 214], [213, 217], [217, 212], [217, 218], [221, 222], [221, 238], [222, 221], [222, 223], [225, 226], [225, 228], [235, 222], [235, 236], [244, 245], [244, 247], [249, 250], [249, 253], [265, 266], [265, 268], [274, 275], [274, 277], [287, 290], [287, 295], [300, 302], [300, 382], [309, 310], [309, 315], [315, 316], [315, 318], [318, 319], [318, 321], [331, 332], [331, 337], [334, 335], [334, 337], [347, -347], [347, 351], [377, 378], [377, 380], [394, 395], [394, 398], [406, 407], [406, 410], [441, 442], [441, 444], [462, 463], [462, 465], [469, 470], [469, 474], [479, 478]]}, "modules/non_summary_pipeline.py": {"executed_lines": [1, 3, 5, 6, 7, 8, 10, 12, 15, 17, 20, 63, 75, 81, 91, 94, 95, 96, 98, 100, 101, 102, 104, 107, 109, 112, 173, 182, 194, 196, 199, 240, 290, 344, 402, 434, 444, 469, 470, 490, 491, 493, 494, 495, 496, 497, 498, 499, 500, 501, 502, 503, 504, 505, 507, 510, 512, 514, 516, 521, 523, 526, 531, 532, 542, 552, 562, 572, 582], "summary": {"covered_lines": 68, "num_statements": 246, "percent_covered": 23.170731707317074, "percent_covered_display": "23", "missing_lines": 178, "excluded_lines": 0, "num_branches": 82, "num_partial_branches": 2, "covered_branches": 8, "missing_branches": 74}, "missing_lines": [23, 24, 26, 27, 29, 30, 33, 35, 36, 37, 38, 39, 42, 44, 45, 46, 50, 52, 66, 68, 69, 70, 72, 76, 77, 78, 82, 83, 84, 87, 115, 116, 118, 120, 123, 126, 128, 130, 132, 134, 136, 137, 138, 140, 141, 142, 143, 147, 149, 150, 151, 155, 157, 159, 170, 177, 178, 179, 185, 186, 189, 190, 191, 202, 203, 205, 207, 208, 209, 210, 211, 213, 214, 216, 217, 218, 223, 225, 237, 243, 244, 246, 247, 248, 249, 250, 253, 254, 255, 257, 258, 259, 260, 261, 263, 264, 265, 267, 268, 269, 270, 271, 272, 274, 275, 287, 293, 294, 296, 298, 299, 301, 303, 304, 307, 310, 314, 315, 316, 317, 321, 323, 324, 325, 329, 331, 333, 347, 348, 350, 351, 353, 354, 355, 357, 358, 359, 361, 362, 363, 365, 367, 368, 369, 371, 373, 374, 375, 377, 379, 381, 382, 383, 384, 388, 390, 399, 428, 429, 431, 437, 438, 439, 440, 441, 447, 448, 449, 451, 452, 453, 454, 455, 456, 463, 464, 465, 466], "excluded_lines": [], "executed_branches": [[94, 95], [94, 98], [100, 101], [100, 104], [516, -507], [516, 516], [526, 526], [526, 531], [531, -521], [531, 532]], "missing_branches": [[23, 24], [23, 26], [30, 33], [30, 35], [45, 46], [45, 52], [68, 69], [68, 72], [83, 84], [83, 87], [115, 116], [115, 118], [120, 123], [120, 128], [132, 134], [132, 170], [136, 137], [136, 140], [150, 151], [150, 157], [185, 186], [185, 189], [207, 208], [207, 237], [210, 211], [210, 213], [213, 214], [213, 216], [217, 218], [217, 223], [243, 244], [243, 246], [253, 254], [253, 257], [259, 260], [259, 267], [260, 261], [260, 263], [263, 259], [263, 264], [267, 268], [267, 287], [268, 267], [268, 269], [271, 272], [271, 274], [293, 294], [293, 296], [298, 299], [298, 301], [303, 304], [303, 310], [324, 325], [324, 331], [347, 348], [347, 350], [353, 354], [353, 357], [358, 359], [358, 361], [362, 363], [362, 365], [367, 368], [367, 371], [373, 374], [373, 399], [377, 379], [377, 381], [428, 429], [428, 431], [447, 448], [447, 451], [516, -516], [526, -526]]}, "modules/summary_pipeline.py": {"executed_lines": [1, 3, 6, 7, 8, 9, 10, 12, 13, 15, 27, 28, 29, 30, 31, 33, 34, 38, 42], "summary": {"covered_lines": 19, "num_statements": 19, "percent_covered": 100.0, "percent_covered_display": "100", "missing_lines": 0, "excluded_lines": 0, "num_branches": 6, "num_partial_branches": 0, "covered_branches": 6, "missing_branches": 0}, "missing_lines": [], "excluded_lines": [], "executed_branches": [[15, -12], [15, 15], [34, 34], [34, 38], [42, -33], [42, 42]], "missing_branches": []}, "modules/transformation.py": {"executed_lines": [1, 2, 3, 4, 5, 7, 8, 9, 10, 11, 13, 16, 17, 18, 19, 22, 23, 24, 25, 26, 28, 29, 30, 31, 32, 33, 38, 39, 40, 51, 53, 59, 66, 69, 70, 77, 78, 79, 80, 81, 82, 83, 93, 94, 99, 100, 101, 102, 103, 104, 105, 106, 107, 108, 109, 115, 116, 117, 119, 121, 123, 125, 142, 143, 144, 145, 146, 148, 149, 150, 151, 152, 153, 154, 155, 157, 158, 160, 161, 162, 163, 164, 166, 168, 169, 170, 171, 174, 176, 179, 180, 181, 183, 186, 187, 190, 192, 194, 195, 196, 198, 200, 201, 223, 224, 420, 421, 422, 427, 432, 437, 442, 449, 453, 459, 502, 503], "summary": {"covered_lines": 117,