{"coverage": 45.20686175580222, "raw_data": {"meta": {"version": "7.4.0", "timestamp": "2024-01-21T09:21:56.715991", "branch_coverage": true, "show_contexts": false}, "files": {"modules/__init__.py": {"executed_lines": [1], "summary": {"covered_lines": 0, "num_statements": 0, "percent_covered": 100.0, "percent_covered_display": "100", "missing_lines": 0, "excluded_lines": 0, "num_branches": 0, "num_partial_branches": 0, "covered_branches": 0, "missing_branches": 0}, "missing_lines": [], "excluded_lines": [], "executed_branches": [], "missing_branches": []}, "modules/combined_pipeline.py": {"executed_lines": [1, 2, 4, 5, 7, 8, 11, 12, 13, 14, 16, 18, 19, 26, 31, 36, 42, 48, 53, 58, 63, 68, 73, 78, 83, 88, 93, 98, 103, 109, 118, 119, 120, 121, 122, 123, 124, 125, 132, 134, 137, 138, 142, 146, 151, 152, 162], "summary": {"covered_lines": 47, "num_statements": 47, "percent_covered": 98.11320754716981, "percent_covered_display": "98", "missing_lines": 0, "excluded_lines": 0, "num_branches": 6, "num_partial_branches": 1, "covered_branches": 5, "missing_branches": 1}, "missing_lines": [], "excluded_lines": [], "executed_branches": [[13, -11], [137, 138], [137, 151], [151, 152], [151, 162]], "missing_branches": [[13, 12]]}, "modules/constants.py": {"executed_lines": [1, 2, 3, 6, 7, 11, 61, 73, 98, 100, 102, 105], "summary": {"covered_lines": 12, "num_statements": 12, "percent_covered": 100.0, "percent_covered_display": "100", "missing_lines": 0, "excluded_lines": 0, "num_branches": 0, "num_partial_branches": 0, "covered_branches": 0, "missing_branches": 0}, "missing_lines": [], "excluded_lines": [], "executed_branches": [], "missing_branches": []}, "modules/import_all.py": {"executed_lines": [1, 3, 5, 6, 7, 8, 9, 10, 11, 12, 14, 15, 17, 18, 25, 103, 146, 196, 241, 271, 385, 391, 403, 415, 451, 461, 477, 478, 479, 480, 482, 484, 489, 496, 498, 499, 500, 501, 502, 503, 507, 509, 511, 517, 528, 539], "summary": {"covered_lines": 45, "num_statements": 256, "percent_covered": 13.609467455621301, "percent_covered_display": "14", "missing_lines": 211, "excluded_lines": 0, "num_branches": 82, "num_partial_branches": 1, "covered_branches": 1, "missing_branches": 81}, "missing_lines": [28, 29, 31, 33, 34, 35, 36, 37, 38, 39, 41, 42, 45, 46, 47, 48, 49, 51, 52, 53, 54, 55, 58, 60, 61, 62, 63, 65, 66, 67, 68, 72, 73, 74, 75, 80, 97, 98, 100, 106, 108, 109, 110, 112, 114, 115, 117, 118, 119, 120, 121, 126, 127, 128, 133, 135, 137, 138, 139, 140, 141, 143, 149, 150, 152, 154, 155, 157, 158, 160, 161, 162, 163, 166, 168, 169, 170, 173, 175, 176, 177, 185, 187, 189, 199, 200, 202, 203, 206, 207, 208, 210, 211, 212, 213, 214, 217, 218, 219, 221, 222, 223, 224, 225, 226, 228, 230, 234, 235, 236, 238, 244, 245, 247, 249, 250, 253, 257, 258, 259, 260, 263, 265, 266, 268, 274, 275, 277, 279, 280, 281, 282, 283, 284, 286, 287, 290, 291, 292, 293, 295, 297, 298, 300, 302, 303, 304, 305, 306, 308, 309, 310, 313, 315, 316, 318, 319, 321, 322, 323, 324, 328, 330, 331, 332, 334, 335, 337, 338, 339, 341, 342, 343, 344, 347, 351, 352, 353, 354, 359, 377, 378, 380, 382, 388, 394, 395, 398, 399, 400, 406, 407, 410, 411, 412, 441, 442, 444, 454, 455, 456, 457, 458, 462, 463, 465, 467, 468, 469, 470, 474], "excluded_lines": [], "executed_branches": [[479, -477]], "missing_branches": [[28, 29], [28, 31], [42, 45], [42, 51], [68, -68], [68, 72], [97, 98], [97, 100], [108, 109], [108, 112], [114, 115], [114, 137], [117, 118], [117, 135], [120, 121], [120, 127], [149, 150], [149, 152], [154, 155], [154, 157], [161, 162], [161, 185], [162, 163], [162, 168], [169, 170], [169, 175], [199, 200], [199, 202], [206, 207], [206, 210], [212, 213], [212, 221], [213, 214], [213, 217], [217, 212], [217, 218], [221, 222], [221, 238], [222, 221], [222, 223], [225, 226], [225, 228], [235, 222], [235, 236], [244, 245], [244, 247], [249, 250], [249, 253], [265, 266], [265, 268], [274, 275], [274, 277], [287, 290], [287, 295], [300, 302], [300, 382], [309, 310], [309, 315], [315, 316], [315, 318], [318, 319], [318, 321], [331, 332], [331, 337], [334, 335], [334, 337], [347, -347], [347, 351], [377, 378], [377, 380], [394, 395], [394, 398], [406, 407], [406, 410], [441, 442], [441, 444], [462, 463], [462, 465], [469, 470], [469, 474], [479, 478]]}, "modules/non_summary_pipeline.py": {"executed_lines": [1, 3, 5, 6, 7, 8, 10, 12, 15, 17, 20, 63, 75, 81, 93, 96, 97, 98, 100, 102, 103, 104, 106, 109, 111, 114, 175, 184, 196, 198, 201, 242, 292, 346, 404, 436, 446, 471, 472, 492, 493, 495, 496, 497, 498, 499, 500, 501, 502, 503, 504, 505, 506, 507, 509, 512, 514, 516, 518, 523, 525, 528, 533, 534, 544, 554, 564, 574, 584], "summary": {"covered_lines": 68, "num_statements": 248, "percent_covered": 22.89156626506024, "percent_covered_display": "23", "missing_lines": 180, "excluded_lines": 0, "num_branches": 84, "num_partial_branches": 2, "covered_branches": 8, "missing_branches": 76}, "missing_lines": [23, 24, 26, 27, 29, 30, 33, 35, 36, 37, 38, 39, 42, 44, 45, 46, 50, 52, 66, 68, 69, 70, 72, 76, 77, 78, 82, 83, 84, 85, 86, 89, 117, 118, 120, 122, 125, 128, 130, 132, 134, 136, 138, 139, 140, 142, 143, 144, 145, 149, 151, 152, 153, 157, 159, 161, 172, 179, 180, 181, 187, 188, 191, 192, 193, 204, 205, 207, 209, 210, 211, 212, 213, 215, 216, 218, 219, 220, 225, 227, 239, 245, 246, 248, 249, 250, 251, 252, 255, 256, 257, 259, 260, 261, 262, 263, 265, 266, 267, 269, 270, 271, 272, 273, 274, 276, 277, 289, 295, 296, 298, 300, 301, 303, 305, 306, 309, 312, 316, 317, 318, 319, 323, 325, 326, 327, 331, 333, 335, 349, 350, 352, 353, 355, 356, 357, 359, 360, 361, 363, 364, 365, 367, 369, 370, 371, 373, 375, 376, 377, 379, 381, 383, 384, 385, 386, 390, 392, 401, 430, 431, 433, 439, 440, 441, 442, 443, 449, 450, 451, 453, 454, 455, 456, 457, 458, 465, 466, 467, 468], "excluded_lines": [], "executed_branches": [[96, 97], [96, 100], [102, 103], [102, 106], [518, -509], [518, 518], [528, 528], [528, 533], [533, -523], [533, 534]], "missing_branches": [[23, 24], [23, 26], [30, 33], [30, 35], [45, 46], [45, 52], [68, 69], [68, 72], [82, 83], [82, 84], [85, 86], [85, 89], [117, 118], [117, 120], [122, 125], [122, 130], [134, 136], [134, 172], [138, 139], [138, 142], [152, 153], [152, 159], [187, 188], [187, 191], [209, 210], [209, 239], [212, 213], [212, 215], [215, 216], [215, 218], [219, 220], [219, 225], [245, 246], [245, 248], [255, 256], [255, 259], [261, 262], [261, 269], [262, 263], [262, 265], [265, 261], [265, 266], [269, 270], [269, 289], [270, 269], [270, 271], [273, 274], [273, 276], [295, 296], [295, 298], [300, 301], [300, 303], [305, 306], [305, 312], [326, 327], [326, 333], [349, 350], [349, 352], [355, 356], [355, 359], [360, 361], [360, 363], [364, 365], [364, 367], [369, 370], [369, 373], [375, 376], [375, 401], [379, 381], [379, 383], [430, 431], [430, 433], [449, 450], [449, 453], [518, -518], [528, -528]]}, "modules/summary_pipeline.py": {"executed_lines": [1, 3, 6, 7, 8, 9, 10, 12, 13, 15, 27, 28, 29, 30, 31, 33, 34, 38, 42], "summary": {"covered_lines": 19, "num_statements": 19, "percent_covered": 100.0, "percent_covered_display": "100", "missing_lines": 0, "excluded_lines": 0, "num_branches": 6, "num_partial_branches": 0, "covered_branches": 6, "missing_branches": 0}, "missing_lines": [], "excluded_lines": [], "executed_branches": [[15, -12], [15, 15], [34, 34], [34, 38], [42, -33], [42, 42]], "missing_branches": []}, "modules/transformation.py": {"executed_lines": [1, 2, 3, 4, 5, 7, 8, 9, 10, 11, 13, 16, 17, 18, 19, 22, 23, 24, 25, 26, 28, 29, 30, 31, 32, 33, 38, 39, 40, 51, 53, 59, 66, 69, 70, 77, 78, 79, 80, 81, 82, 83, 94, 95, 100, 101, 102, 103, 104, 105, 106, 107, 108, 109, 110, 116, 117, 118, 120, 122, 124, 126, 143, 144, 145, 146, 147, 149, 150, 151, 152, 153, 154, 155, 156, 158, 159, 161, 162, 163, 164, 165, 167, 169, 170, 171, 172, 175, 177, 180, 181, 182, 184, 187, 188, 191, 193, 195, 196, 197, 198, 199, 202, 204, 205, 230, 231, 427, 428, 429, 434, 439, 444, 449, 456, 460, 466, 509, 510],